school,sex,address,famsize,Pstatus,schoolsup,famsup,paid,activities,nursery,higher,internet,romantic,bin_Mjob_at_home,bin_Mjob_health,bin_Mjob_other,bin_Mjob_services,bin_Mjob_teacher,bin_Fjob_teacher,bin_Fjob_other,bin_Fjob_services,bin_Fjob_health,bin_Fjob_at_home,bin_reason_course,bin_reason_other,bin_reason_home,bin_reason_reputation,bin_guardian_mother,bin_guardian_father,bin_guardian_other,age,Medu,Fedu,traveltime,studytime,famrel,freetime,goout,Dalc,Walc,health,absences,failures,G2,G1,G3,result
1,0,1,1,1,1,0,0,0,1,1,0,0,1,0,0,0,0,1,0,0,0,0,1,0,0,0,1,0,0,18,4,4,2,2,4,3,4,1,1,3,6,0,6,5,6,fail
1,0,1,1,0,0,1,0,0,0,1,1,0,1,0,0,0,0,0,1,0,0,0,1,0,0,0,0,1,0,17,1,1,1,2,5,3,3,1,1,3,4,0,5,5,6,fail
1,0,1,0,0,1,0,1,0,1,1,1,0,1,0,0,0,0,0,1,0,0,0,0,1,0,0,1,0,0,15,1,1,1,2,4,3,2,2,3,3,10,3,8,7,10,pass
1,0,1,1,0,0,1,1,1,1,1,1,1,0,1,0,0,0,0,0,1,0,0,0,0,1,0,1,0,0,15,4,2,1,3,3,2,2,1,1,5,2,0,14,15,15,pass
1,0,1,1,0,0,1,1,0,1,1,0,0,0,0,1,0,0,0,1,0,0,0,0,0,1,0,0,1,0,16,3,3,1,2,4,3,2,1,2,5,4,0,10,6,10,pass
1,1,1,0,0,0,1,1,1,1,1,1,0,0,0,0,1,0,0,1,0,0,0,0,0,0,1,1,0,0,16,4,3,1,2,5,4,2,1,2,5,10,0,15,15,15,pass
1,1,1,0,0,0,0,0,0,1,1,1,0,0,0,1,0,0,0,1,0,0,0,0,0,1,0,1,0,0,16,2,2,1,2,4,4,4,1,1,3,0,0,12,12,11,pass
1,0,1,1,1,1,1,0,0,1,1,0,0,0,0,1,0,0,1,0,0,0,0,0,0,1,0,1,0,0,17,4,4,2,2,4,1,4,1,1,1,6,0,5,6,6,fail
1,1,1,0,1,0,1,1,0,1,1,1,0,0,0,0,1,0,0,1,0,0,0,0,0,1,0,1,0,0,15,3,2,1,2,4,2,2,1,1,1,0,0,18,16,19,pass
1,1,1,1,0,0,1,1,1,1,1,1,0,0,0,1,0,0,0,1,0,0,0,0,0,1,0,1,0,0,15,3,4,1,2,5,5,1,1,1,5,0,0,15,14,15,pass
1,0,1,1,0,0,1,1,0,1,1,1,0,0,0,0,0,1,0,0,0,1,0,0,0,0,1,1,0,0,15,4,4,1,2,3,3,3,1,2,2,0,0,8,10,9,fail
1,0,1,1,0,0,1,0,1,1,1,1,0,0,0,0,1,0,0,1,0,0,0,0,0,0,1,0,1,0,15,2,1,3,3,5,2,2,1,1,4,4,0,12,10,12,pass
1,1,1,0,0,0,1,1,1,1,1,1,0,0,1,0,0,0,0,0,1,0,0,1,0,0,0,0,1,0,15,4,4,1,1,4,3,3,1,3,5,2,0,14,14,14,pass
1,1,1,1,0,0,1,1,0,1,1,1,0,0,0,0,0,1,0,1,0,0,0,1,0,0,0,1,0,0,15,4,3,2,2,5,4,3,1,2,3,2,0,10,10,11,pass
1,1,1,1,1,0,1,0,0,1,1,1,1,0,0,1,0,0,0,1,0,0,0,0,0,1,0,0,0,1,15,2,2,1,3,4,5,2,1,1,3,0,0,16,14,16,pass
1,0,1,1,0,0,1,0,0,1,1,1,0,0,1,0,0,0,0,1,0,0,0,0,0,1,0,1,0,0,16,4,4,1,1,4,4,4,1,2,2,4,0,14,14,14,pass
1,0,1,1,0,0,1,1,1,1,1,1,0,0,0,0,1,0,0,0,1,0,0,0,0,0,1,1,0,0,16,4,4,1,3,3,2,3,1,2,2,6,0,14,13,14,pass
1,0,1,1,0,1,1,0,1,1,1,0,0,0,0,1,0,0,0,1,0,0,0,0,0,0,1,1,0,0,16,3,3,3,2,5,3,2,1,1,4,4,0,10,8,10,pass
1,1,1,1,0,0,1,0,1,1,1,1,0,0,0,0,1,0,0,0,1,0,0,1,0,0,0,1,0,0,17,3,2,1,1,5,5,5,2,4,5,16,3,5,6,5,fail
1,1,1,0,0,0,0,1,1,1,1,1,0,0,1,0,0,0,0,1,0,0,0,0,0,1,0,0,1,0,16,4,3,1,1,3,1,3,1,3,5,4,0,10,8,10,pass
1,1,1,1,0,0,0,0,0,1,1,1,0,0,0,0,0,1,0,1,0,0,0,0,0,0,1,1,0,0,15,4,3,1,2,4,4,1,1,1,1,0,0,14,13,15,pass
1,1,1,1,0,0,1,1,0,1,1,1,0,0,1,0,0,0,0,0,0,1,0,0,1,0,0,0,1,0,15,4,4,1,1,5,4,2,1,1,5,0,0,15,12,15,pass
1,1,1,0,0,0,0,0,1,1,1,1,0,0,0,0,0,1,0,1,0,0,0,1,0,0,0,1,0,0,16,4,2,1,2,4,5,1,1,3,5,2,0,15,15,16,pass
1,1,1,0,0,0,1,0,1,1,1,1,0,0,0,1,0,0,0,1,0,0,0,0,0,0,1,1,0,0,16,2,2,2,2,5,4,4,2,4,5,0,0,13,13,12,pass
1,0,0,1,0,1,1,1,1,1,1,1,0,0,0,0,1,0,0,0,0,1,0,1,0,0,0,1,0,0,15,2,4,1,3,4,3,2,1,1,5,2,0,9,10,8,fail
1,0,1,1,0,0,1,1,0,0,1,1,0,0,0,0,1,0,0,0,1,0,0,0,0,1,0,1,0,0,16,2,2,1,1,1,2,2,1,3,5,14,2,9,6,8,fail
1,1,1,1,0,0,1,1,0,1,1,1,0,0,0,1,0,0,0,1,0,0,0,0,0,1,0,1,0,0,15,2,2,1,1,4,2,2,1,2,5,2,0,12,12,11,pass
1,1,1,1,0,0,0,1,0,1,1,1,0,0,1,0,0,0,0,0,1,0,0,0,1,0,0,1,0,0,15,4,2,1,1,2,2,4,2,4,1,4,0,16,15,15,pass
1,1,1,0,1,1,1,0,1,1,1,1,0,0,0,0,1,0,0,1,0,0,0,0,0,1,0,1,0,0,16,3,4,1,2,5,3,3,1,1,5,4,0,11,11,11,pass
1,1,1,1,0,0,1,1,1,1,1,1,1,0,0,0,0,1,1,0,0,0,0,0,0,1,0,1,0,0,16,4,4,1,2,4,4,5,5,5,5,16,0,12,10,11,pass
1,1,1,1,0,0,1,1,0,0,1,1,0,0,1,0,0,0,0,0,1,0,0,0,0,1,0,1,0,0,15,4,4,1,2,5,4,2,3,4,5,0,0,11,9,12,pass
1,1,1,1,0,0,1,0,1,1,1,1,0,0,0,0,1,0,0,0,1,0,0,0,0,0,1,1,0,0,15,4,4,2,2,4,3,1,1,1,5,0,0,16,17,17,pass
1,1,0,1,0,0,1,0,1,1,1,1,1,0,0,0,0,1,0,0,0,0,1,1,0,0,0,1,0,0,15,4,3,1,2,4,5,2,1,1,5,0,0,16,17,16,pass
1,1,1,0,0,0,0,0,1,0,1,1,0,0,0,1,0,0,0,1,0,0,0,1,0,0,0,1,0,0,15,3,3,1,2,5,3,2,1,1,2,0,0,10,8,12,pass
1,1,1,1,0,0,1,1,0,0,1,1,0,0,0,1,0,0,0,1,0,0,0,0,0,1,0,1,0,0,16,3,2,1,1,5,4,3,1,1,5,0,0,14,12,15,pass
1,0,1,1,0,0,1,0,1,1,1,0,0,0,0,1,0,0,0,1,0,0,0,0,1,0,0,0,1,0,15,2,3,2,1,3,5,1,1,1,5,0,0,7,8,6,fail
1,1,1,0,0,0,1,0,1,1,1,1,0,0,0,0,0,1,0,0,1,0,0,0,0,1,0,1,0,0,15,4,3,1,3,5,4,3,1,1,4,2,0,16,15,18,pass
1,1,0,1,1,0,1,0,1,1,1,1,1,0,0,1,0,0,1,0,0,0,0,0,0,0,1,1,0,0,16,4,4,2,3,2,4,3,1,1,5,7,0,16,15,15,pass
1,0,0,1,0,1,1,1,1,1,1,1,0,0,0,0,1,0,0,0,0,1,0,1,0,0,0,1,0,0,15,3,4,1,3,4,3,2,1,1,5,2,0,12,12,11,pass
1,0,0,1,0,1,1,1,1,1,1,0,0,1,0,0,0,0,0,1,0,0,0,0,0,0,1,1,0,0,15,2,2,1,1,4,3,1,1,1,2,8,0,13,14,13,pass
1,0,1,0,0,0,1,0,1,0,1,1,1,0,0,1,0,0,0,1,0,0,0,0,0,1,0,1,0,0,16,2,2,2,2,3,3,3,1,2,3,25,1,10,7,11,pass
1,1,1,0,0,0,1,0,0,0,1,1,1,0,0,0,0,1,0,1,0,0,0,0,0,1,0,0,0,1,15,4,4,1,1,5,4,3,2,4,5,8,0,12,12,12,pass
1,1,1,1,0,0,1,0,1,1,1,1,0,0,0,0,1,0,1,0,0,0,0,1,0,0,0,0,1,0,15,4,4,1,2,4,3,3,1,1,5,2,0,18,19,18,pass
1,1,1,1,0,1,1,0,0,1,1,1,0,0,0,0,1,0,0,0,1,0,0,1,0,0,0,0,1,0,15,2,2,1,1,5,4,1,1,1,1,0,0,8,8,11,pass
1,0,1,0,0,1,0,0,1,1,1,1,0,0,0,1,0,0,0,0,0,0,1,1,0,0,0,0,1,0,16,2,2,2,2,4,3,3,2,2,5,14,1,10,10,9,fail
1,0,1,0,1,1,1,1,1,1,1,1,1,0,0,1,0,0,0,1,0,0,0,1,0,0,0,1,0,0,15,4,3,1,2,5,2,2,1,1,5,8,0,8,8,6,fail
1,0,1,0,1,0,1,0,0,1,1,1,0,0,0,1,0,0,0,0,1,0,0,0,0,1,0,1,0,0,16,3,3,1,2,2,3,5,1,4,3,12,0,12,11,11,pass
1,1,1,1,0,0,0,0,1,1,1,1,0,0,1,0,0,0,0,0,1,0,0,0,0,0,1,1,0,0,16,4,3,1,4,4,2,2,1,1,2,4,0,19,19,20,pass
1,1,1,1,0,0,1,1,0,1,1,0,0,0,0,0,0,1,0,1,0,0,0,0,0,1,0,1,0,0,15,4,2,1,2,4,3,3,2,2,5,2,0,15,15,14,pass
1,0,1,1,0,1,1,0,1,0,1,1,0,0,0,0,1,0,1,0,0,0,0,0,1,0,0,0,1,0,15,4,4,1,2,4,4,4,1,1,3,2,1,7,7,7,fail
1,0,1,0,0,0,1,1,0,1,1,1,0,0,0,0,1,0,0,0,1,0,0,1,0,0,0,1,0,0,16,2,2,3,2,4,3,3,2,3,4,2,0,13,12,13,pass
1,0,1,0,0,0,1,1,0,1,1,1,0,0,1,0,0,0,0,1,0,0,0,0,1,0,0,1,0,0,15,4,2,1,2,4,3,3,1,1,5,2,0,13,11,13,pass
1,1,1,0,1,0,0,0,0,1,1,0,0,0,1,0,0,0,0,0,0,1,0,0,1,0,0,0,1,0,15,4,2,2,1,5,5,5,3,4,5,6,1,11,11,10,pass
1,0,1,1,0,1,1,1,0,1,1,1,0,0,0,0,1,0,0,0,1,0,0,1,0,0,0,1,0,0,15,4,4,1,1,3,3,4,2,3,5,0,0,10,8,11,pass
1,0,1,0,1,0,0,1,0,1,1,1,0,0,0,1,0,0,0,1,0,0,0,0,1,0,0,1,0,0,15,3,3,1,1,5,3,4,4,4,1,6,0,13,10,13,pass
1,0,1,1,1,0,0,1,1,1,1,1,1,0,0,1,0,0,0,1,0,0,0,0,1,0,0,1,0,0,16,2,1,1,2,5,3,4,1,1,2,8,0,9,8,10,pass
1,0,1,1,1,0,1,1,1,1,1,1,0,0,0,0,1,0,0,0,1,0,0,0,0,0,1,1,0,0,15,4,3,1,2,4,3,2,1,1,1,0,0,15,14,15,pass
1,1,1,1,0,0,1,0,1,1,1,0,0,0,0,0,0,1,0,0,0,1,0,0,0,0,1,1,0,0,15,4,4,1,2,3,2,2,1,1,5,4,0,15,14,15,pass
1,1,1,0,0,1,1,0,1,1,1,1,0,0,0,1,0,0,0,0,0,0,1,0,0,1,0,0,1,0,15,1,2,1,2,4,3,2,1,1,5,2,0,10,9,9,fail
1,0,1,1,0,0,1,0,0,1,1,1,0,0,0,0,1,0,0,1,0,0,0,1,0,0,0,1,0,0,16,4,2,1,2,4,2,3,1,1,5,2,0,16,15,16,pass
1,0,0,1,0,0,1,0,1,1,1,0,0,0,1,0,0,0,1,0,0,0,0,0,1,0,0,1,0,0,16,4,4,1,2,2,4,4,2,3,4,6,0,11,10,11,pass
1,0,1,1,0,1,1,0,1,0,1,1,1,0,0,0,1,0,0,0,1,0,0,1,0,0,0,0,1,0,16,1,1,4,1,5,5,5,5,5,5,6,0,8,10,11,pass
1,0,1,0,0,1,0,0,1,1,1,1,0,0,0,1,0,0,0,0,1,0,0,0,0,0,1,0,1,0,16,1,2,1,2,4,4,3,1,1,1,4,0,10,8,9,fail
1,0,1,1,0,1,1,1,1,1,1,1,0,0,0,0,0,1,0,0,0,1,0,0,0,1,0,1,0,0,16,4,3,1,3,3,4,4,2,4,4,2,0,9,10,9,fail
1,0,1,0,0,1,0,0,1,1,1,1,1,0,0,0,1,0,0,0,1,0,0,0,0,0,1,0,1,0,15,4,3,1,2,4,4,4,2,4,2,0,0,10,10,10,pass
1,0,1,0,0,0,1,0,1,1,1,1,0,0,0,0,0,1,0,0,1,0,0,1,0,0,0,1,0,0,16,4,3,3,2,5,4,3,1,2,1,2,0,15,16,15,pass
1,1,1,1,1,0,1,0,1,0,1,1,1,0,0,1,0,0,0,0,1,0,0,0,0,0,1,1,0,0,15,4,4,1,4,1,3,3,5,5,3,4,0,13,13,12,pass
1,0,1,1,0,1,1,1,0,1,1,1,0,0,0,0,1,0,0,1,0,0,0,1,0,0,0,1,0,0,16,3,1,1,4,4,3,3,1,2,5,4,0,7,7,6,fail
1,0,0,0,0,1,1,1,0,1,1,1,0,0,1,0,0,0,0,0,1,0,0,0,0,0,1,1,0,0,15,2,2,2,2,4,1,3,1,3,4,2,0,9,8,8,fail
1,0,0,0,0,0,1,0,0,0,1,1,0,0,0,1,0,0,0,1,0,0,0,0,0,0,1,0,1,0,15,3,1,2,4,4,4,2,2,3,3,12,0,16,16,16,pass
1,1,1,1,0,0,1,1,0,1,1,1,0,0,0,1,0,0,0,1,0,0,0,0,0,0,1,0,1,0,16,3,1,2,4,4,3,2,1,1,5,0,0,15,13,15,pass
1,1,1,1,0,0,0,0,0,1,1,1,0,0,0,1,0,0,0,1,0,0,0,1,0,0,0,1,0,0,15,4,2,1,4,3,3,3,1,1,3,0,0,10,10,10,pass
1,0,0,1,0,1,1,0,0,0,1,1,1,0,0,1,0,0,0,1,0,0,0,0,0,0,1,1,0,0,15,1,1,1,2,3,3,4,2,4,5,2,2,6,8,5,fail
1,1,1,1,0,0,0,0,1,1,1,0,0,0,0,1,0,0,0,1,0,0,0,0,0,0,1,1,0,0,16,3,1,1,1,5,3,2,2,2,5,2,0,12,12,14,pass
1,0,1,1,0,1,1,1,1,1,1,1,0,0,0,1,0,0,0,0,1,0,0,0,0,1,0,1,0,0,16,3,3,1,2,4,3,3,2,4,5,54,0,12,11,11,pass
1,1,1,1,0,0,1,1,1,1,1,1,0,0,0,0,0,1,0,1,0,0,0,0,0,1,0,1,0,0,15,4,3,1,2,4,3,3,2,3,5,6,0,9,9,10,pass
1,1,1,1,0,0,0,0,1,1,1,1,0,0,0,0,0,1,0,1,0,0,0,1,0,0,0,1,0,0,15,4,0,2,4,3,4,3,1,1,1,8,0,11,11,10,pass
1,0,1,1,0,0,0,1,0,1,1,1,1,0,0,1,0,0,0,1,0,0,0,0,0,0,1,1,0,0,16,2,2,1,4,5,2,3,1,3,3,0,0,11,11,11,pass
1,1,1,1,0,1,1,0,1,1,0,1,0,0,0,1,0,0,0,1,0,0,0,0,0,1,0,1,0,0,17,2,1,2,1,4,5,1,1,1,3,2,3,8,8,10,pass
1,0,1,1,0,0,1,0,0,1,1,1,0,1,0,0,0,0,0,1,0,0,0,1,0,0,0,1,0,0,16,3,4,1,2,2,4,3,1,2,3,12,0,5,5,5,fail
1,1,1,1,0,1,1,1,1,0,1,1,1,0,0,1,0,0,0,0,1,0,0,1,0,0,0,0,1,0,15,2,3,1,1,3,2,2,1,3,3,2,0,12,10,12,pass
1,1,1,1,0,1,0,1,0,0,1,1,0,0,0,1,0,0,0,1,0,0,0,0,0,1,0,1,0,0,15,2,3,1,3,5,3,2,1,2,5,4,0,10,11,11,pass
1,0,1,0,0,0,1,1,0,1,1,1,0,0,0,0,1,0,0,1,0,0,0,0,0,0,1,1,0,0,15,3,2,1,2,4,4,4,1,1,5,10,0,6,7,6,fail
1,1,1,0,0,0,0,1,1,1,1,1,0,0,0,0,1,0,0,0,1,0,0,0,0,1,0,1,0,0,15,2,2,2,2,5,3,3,1,3,4,4,0,15,15,15,pass
1,0,1,1,0,0,1,0,1,0,1,1,0,0,0,1,0,0,0,1,0,0,0,0,0,1,0,0,1,0,15,1,1,1,2,4,3,2,2,3,4,2,0,10,9,10,pass
1,0,1,1,0,0,0,1,0,1,1,1,1,0,0,0,1,0,0,0,1,0,0,0,0,0,1,0,1,0,15,4,4,2,2,4,4,4,2,3,5,6,2,9,7,8,fail
1,0,1,0,0,0,1,0,0,1,1,0,0,1,0,0,0,0,0,1,0,0,0,1,0,0,0,1,0,0,16,2,2,1,2,4,3,4,1,2,2,4,0,7,8,6,fail
1,0,1,1,0,0,1,0,1,1,1,1,0,0,0,1,0,0,0,1,0,0,0,0,0,0,1,1,0,0,15,4,2,1,3,5,3,3,1,3,1,4,0,14,13,14,pass
1,1,1,1,0,0,0,1,1,0,1,1,0,0,0,0,1,0,0,1,0,0,0,0,0,0,1,0,1,0,16,2,2,2,2,4,4,2,1,1,3,12,1,10,11,10,pass
1,1,1,0,1,0,1,0,0,1,1,0,0,0,0,0,0,1,0,0,0,1,0,0,0,0,1,1,0,0,16,4,4,1,2,4,1,3,3,5,5,18,0,6,8,7,fail
1,0,1,1,0,0,1,1,0,1,1,1,1,0,0,1,0,0,0,1,0,0,0,0,0,1,0,1,0,0,16,3,3,1,3,4,3,3,1,3,4,0,0,7,7,8,fail
1,0,1,1,0,0,0,1,1,1,1,1,0,0,0,0,1,0,0,1,0,0,0,0,0,0,1,1,0,0,15,4,3,1,1,4,5,5,1,3,1,4,0,17,16,18,pass
1,0,1,0,0,1,1,0,0,1,1,0,0,0,0,1,0,0,0,1,0,0,0,0,0,1,0,0,1,0,16,3,1,1,2,3,3,3,2,3,2,4,0,6,7,6,fail
1,0,1,1,0,0,1,1,1,1,1,1,0,0,0,0,0,1,0,0,1,0,0,0,0,1,0,1,0,0,16,4,2,2,2,5,3,3,1,1,1,0,0,10,11,10,pass
1,1,1,0,0,0,1,0,1,1,1,1,0,0,0,0,1,0,0,0,0,1,0,0,0,0,1,1,0,0,15,2,2,1,4,4,3,4,1,1,4,6,0,13,11,14,pass
1,0,0,1,0,1,1,1,1,1,1,1,0,1,0,0,0,0,0,1,0,0,0,0,0,1,0,1,0,0,15,1,1,2,4,3,1,2,1,1,1,2,1,10,7,10,pass
1,1,0,1,0,1,1,0,1,0,1,1,0,0,0,0,1,0,0,1,0,0,0,0,0,0,1,1,0,0,16,4,3,2,1,3,3,3,1,1,4,2,0,15,11,15,pass
1,0,1,1,0,0,1,1,0,1,1,0,1,0,0,1,0,0,0,1,0,0,0,1,0,0,0,1,0,0,16,2,1,1,2,4,3,5,1,1,5,2,0,9,8,10,pass
1,0,1,1,0,0,0,0,1,0,1,1,0,0,0,1,0,0,0,1,0,0,0,0,0,0,1,1,0,0,16,4,4,1,1,5,3,4,1,2,1,6,0,14,11,14,pass
1,0,1,1,0,1,1,1,0,1,1,1,0,0,0,1,0,0,0,0,0,0,1,1,0,0,0,1,0,0,16,4,3,1,3,5,3,5,1,1,3,0,0,9,7,8,fail
1,1,1,1,0,1,1,1,1,1,1,1,0,0,0,0,1,0,0,0,1,0,0,0,1,0,0,1,0,0,16,4,4,1,1,4,5,5,5,5,4,14,0,7,7,5,fail
1,1,1,1,0,0,1,0,1,1,1,1,1,0,0,0,1,0,1,0,0,0,0,0,1,0,0,0,1,0,16,4,4,1,3,4,4,3,1,1,4,0,0,17,16,17,pass
1,1,1,1,0,0,1,0,1,0,1,1,0,0,0,0,1,0,0,1,0,0,0,1,0,0,0,1,0,0,15,4,4,1,1,5,3,3,1,1,5,4,0,13,10,14,pass
1,0,1,1,0,1,1,1,0,1,1,1,0,0,0,0,1,0,0,1,0,0,0,0,0,1,0,1,0,0,15,3,2,2,2,4,3,5,1,1,2,26,0,6,7,6,fail
1,1,1,1,1,0,1,1,1,1,1,1,0,0,0,0,1,0,0,1,0,0,0,1,0,0,0,1,0,0,15,3,4,1,2,5,4,4,1,1,1,0,0,18,16,18,pass
1,0,1,1,1,1,0,0,0,1,1,0,0,0,0,1,0,0,0,0,0,1,0,0,0,0,1,0,1,0,15,3,3,1,4,4,3,3,1,1,4,10,0,11,10,11,pass
1,0,1,1,0,1,1,1,0,1,1,1,0,0,0,1,0,0,0,1,0,0,0,1,0,0,0,1,0,0,15,2,2,1,4,5,1,2,1,1,3,8,0,8,7,8,fail
1,1,1,1,0,0,1,0,1,1,1,1,0,0,0,0,1,0,0,1,0,0,0,0,0,1,0,0,1,0,16,3,3,1,3,5,3,3,1,1,5,2,0,18,16,18,pass
1,1,0,1,0,0,1,1,1,1,1,1,1,0,0,1,0,0,0,1,0,0,0,0,0,1,0,0,1,0,15,4,4,4,4,1,3,5,3,5,1,6,0,13,10,13,pass
1,0,1,0,0,0,1,1,1,1,1,1,1,0,1,0,0,0,0,0,0,1,0,0,1,0,0,1,0,0,16,4,4,1,3,5,4,5,1,1,4,4,0,15,14,16,pass
1,1,1,0,1,0,0,0,1,1,1,1,0,0,0,0,0,1,1,0,0,0,0,1,0,0,0,1,0,0,15,4,4,1,1,5,5,3,1,1,4,6,0,19,18,19,pass
1,0,0,1,0,1,1,0,1,1,1,1,0,0,0,0,1,0,0,1,0,0,0,0,0,0,1,0,1,0,16,3,3,1,3,4,1,2,1,1,2,0,1,10,7,10,pass
1,0,1,1,0,1,0,0,1,1,1,1,0,1,0,0,0,0,0,1,0,0,0,0,0,1,0,1,0,0,16,2,2,1,2,3,1,2,1,1,5,6,1,13,10,13,pass
1,1,1,0,0,0,0,0,0,1,1,1,0,0,0,0,0,1,0,1,0,0,0,1,0,0,0,1,0,0,15,4,2,1,1,3,5,2,1,1,3,10,0,19,18,19,pass
1,1,0,1,0,0,0,0,1,1,1,1,1,0,1,0,0,0,0,0,1,0,0,0,0,0,1,1,0,0,15,2,1,1,2,5,4,2,1,1,5,8,0,9,9,9,fail
1,1,1,1,0,0,1,0,1,1,1,1,0,0,0,0,0,1,1,0,0,0,0,1,0,0,0,0,1,0,16,4,4,1,2,5,4,4,1,2,5,2,0,15,15,16,pass
1,1,1,1,0,0,1,0,1,1,1,0,0,0,0,1,0,0,1,0,0,0,0,0,0,0,1,0,1,0,15,4,4,2,2,4,4,3,1,1,2,2,0,13,11,14,pass
1,1,1,1,0,0,0,0,1,1,1,1,0,0,0,1,0,0,0,0,1,0,0,0,0,1,0,0,1,0,16,3,3,2,1,5,4,2,1,1,5,0,0,14,13,13,pass
1,1,0,1,0,0,1,0,1,1,1,1,0,0,0,1,0,0,0,1,0,0,0,1,0,0,0,0,1,0,17,1,3,3,2,5,2,4,1,4,5,20,1,7,9,8,fail
1,1,1,1,0,0,0,0,0,1,1,1,0,0,0,1,0,0,0,1,0,0,0,0,0,0,1,0,1,0,15,3,4,1,1,3,4,3,1,2,4,6,0,13,14,13,pass
1,0,1,1,0,0,0,0,0,0,1,1,0,1,0,0,0,0,0,0,1,0,0,1,0,0,0,1,0,0,15,1,2,1,2,3,2,3,1,2,1,2,0,15,16,15,pass
1,1,1,1,0,0,1,1,1,1,1,1,0,0,0,0,1,0,0,0,1,0,0,0,0,1,0,0,1,0,15,2,2,1,4,5,5,4,1,2,5,6,0,14,16,15,pass
1,0,1,0,0,0,1,1,1,1,1,1,1,0,0,1,0,0,0,0,0,1,0,1,0,0,0,0,1,0,16,2,4,2,2,4,2,2,1,2,5,2,0,13,13,13,pass
1,1,1,1,0,0,1,0,1,1,1,1,0,0,1,0,0,0,0,1,0,0,0,1,0,0,0,1,0,0,16,4,4,1,1,3,4,4,1,4,5,18,0,11,14,13,pass
1,0,1,1,0,0,0,1,0,1,1,1,1,0,0,1,0,0,0,1,0,0,0,0,0,1,0,1,0,0,16,2,2,1,2,5,4,4,1,1,5,0,0,7,8,8,fail
1,1,1,1,0,1,0,0,0,1,1,1,0,0,0,0,1,0,0,0,1,0,0,0,0,1,0,0,1,0,15,3,4,1,1,5,5,5,3,2,5,0,0,13,13,12,pass
1,0,1,0,1,1,0,0,1,1,1,1,1,0,0,1,0,0,0,1,0,0,0,0,0,1,0,1,0,0,15,3,4,1,2,5,3,2,1,1,1,0,0,10,7,11,pass
1,0,1,1,0,0,1,0,0,0,0,0,0,1,0,0,0,0,0,1,0,0,0,1,0,0,0,0,0,1,19,0,1,1,2,3,4,2,1,1,5,2,3,8,7,9,fail
1,1,0,1,0,0,0,1,1,1,1,1,0,0,0,0,0,1,1,0,0,0,0,1,0,0,0,1,0,0,16,4,4,1,1,3,5,5,2,5,4,8,0,18,18,18,pass
1,0,1,0,0,0,1,0,0,1,1,1,1,0,0,1,0,0,0,1,0,0,0,1,0,0,0,0,1,0,17,2,2,1,1,3,4,4,1,3,5,12,0,13,10,12,pass
1,0,1,1,1,0,0,0,0,1,1,1,0,0,0,0,1,0,0,1,0,0,0,1,0,0,0,0,1,0,16,3,4,1,1,3,2,1,1,4,5,16,0,11,12,11,pass
1,1,1,0,0,0,0,0,0,1,1,0,1,0,0,0,1,0,0,1,0,0,0,1,0,0,0,1,0,0,16,1,1,1,2,4,4,4,1,3,5,0,1,12,14,12,pass
1,0,1,1,0,0,0,0,1,1,1,1,0,0,0,0,0,1,1,0,0,0,0,1,0,0,0,1,0,0,15,4,4,2,1,4,3,2,1,1,5,0,0,16,16,15,pass
1,1,1,0,0,0,1,0,1,1,1,1,0,0,0,0,1,0,0,0,1,0,0,0,0,0,1,0,1,0,16,2,2,2,1,2,3,3,2,2,2,8,2,9,9,9,fail
1,0,1,1,0,0,1,1,1,1,1,1,0,0,0,0,0,1,0,0,1,0,0,1,0,0,0,1,0,0,15,4,4,1,3,4,2,2,1,1,5,2,0,11,9,11,pass
1,0,1,0,0,0,0,0,0,1,1,1,0,1,0,0,0,0,0,0,0,0,1,1,0,0,0,1,0,0,16,1,1,1,1,3,4,4,3,3,1,2,0,14,14,13,pass
1,0,1,1,0,0,1,1,0,1,1,1,0,0,0,1,0,0,0,0,1,0,0,1,0,0,0,0,1,0,15,1,1,1,2,4,4,2,1,2,5,0,0,11,8,11,pass
1,0,1,1,0,0,1,1,0,0,1,1,0,1,0,0,0,0,0,1,0,0,0,1,0,0,0,1,0,0,15,1,2,1,2,4,3,2,1,1,5,2,0,11,10,11,pass
1,1,1,0,1,0,0,0,0,1,1,1,0,0,0,0,1,0,0,1,0,0,0,1,0,0,0,1,0,0,15,2,1,4,1,4,5,5,2,5,5,0,3,9,8,10,pass
1,1,1,0,0,0,0,0,1,1,1,0,1,1,0,0,0,0,0,1,0,0,0,1,0,0,0,1,0,0,16,2,1,1,1,4,4,4,3,5,5,6,1,13,12,14,pass
1,0,0,1,0,0,1,1,1,1,1,1,1,0,0,0,1,0,0,0,1,0,0,0,0,0,1,0,0,1,15,3,3,2,3,4,2,1,2,3,3,8,2,10,10,10,pass
1,0,1,1,0,1,1,0,0,1,1,0,1,0,0,1,0,0,1,0,0,0,0,1,0,0,0,1,0,0,17,4,4,1,1,4,2,1,1,1,4,0,0,11,11,12,pass
1,1,0,1,0,1,0,1,1,1,1,0,0,1,0,0,0,0,0,0,1,0,0,1,0,0,0,1,0,0,15,2,3,1,2,4,4,4,1,1,1,2,0,8,11,8,fail
1,1,0,0,0,0,0,0,0,1,1,0,0,0,0,1,0,0,0,1,0,0,0,0,0,0,1,1,0,0,17,1,2,1,1,2,2,2,3,3,5,8,0,12,16,13,pass
1,0,0,1,0,0,1,0,1,0,1,0,0,1,0,0,0,0,0,1,0,0,0,1,0,0,0,1,0,0,18,1,1,3,1,5,2,5,1,5,4,6,3,8,9,10,pass
1,1,0,1,0,0,0,0,0,0,1,0,0,1,0,0,0,0,0,1,0,0,0,1,0,0,0,1,0,0,16,2,2,3,1,4,2,2,1,2,3,2,0,15,17,15,pass
1,1,1,1,0,0,1,1,0,1,1,1,1,0,0,1,0,0,0,0,1,0,0,1,0,0,0,0,1,0,16,3,3,1,2,4,5,5,4,4,5,4,1,12,10,12,pass
1,1,0,1,0,1,1,0,0,1,1,1,1,0,0,1,0,0,0,1,0,0,0,1,0,0,0,1,0,0,15,3,2,2,2,4,4,4,1,4,3,6,2,9,5,7,fail
1,1,1,1,0,0,0,0,0,1,0,1,0,1,0,0,0,0,0,0,1,0,0,1,0,0,0,0,1,0,17,1,3,1,1,5,3,3,1,4,2,2,0,10,10,10,pass
1,1,0,0,0,0,0,0,1,1,0,0,1,0,0,1,0,0,0,0,1,0,0,1,0,0,0,1,0,0,17,1,1,4,2,5,3,5,1,5,5,0,3,8,5,7,fail
1,1,1,1,0,0,1,0,1,0,0,0,0,0,0,0,1,0,0,0,1,0,0,1,0,0,0,1,0,0,16,3,2,2,1,4,5,2,1,1,2,16,1,11,12,12,pass
1,1,1,1,0,0,0,0,0,1,0,1,0,0,0,1,0,0,0,1,0,0,0,1,0,0,0,0,1,0,16,2,2,1,2,4,3,5,2,4,4,4,0,10,10,10,pass
1,0,1,1,0,0,0,1,0,1,1,1,1,0,1,0,0,0,0,0,1,0,0,0,0,1,0,0,1,0,16,4,2,1,2,4,2,3,1,1,3,0,0,15,14,16,pass
1,0,1,1,0,0,1,1,0,1,1,1,1,0,1,0,0,0,0,0,0,1,0,0,0,0,1,1,0,0,16,4,4,1,2,4,4,2,1,1,3,0,0,14,14,14,pass
1,1,1,1,0,0,1,1,1,1,1,1,1,0,0,1,0,0,0,1,0,0,0,0,0,0,1,1,0,0,16,1,0,2,2,4,3,2,1,1,3,2,0,15,13,16,pass
1,1,1,0,0,0,1,1,1,1,1,1,0,0,0,0,0,1,0,1,0,0,0,0,0,0,1,1,0,0,17,4,4,1,2,4,4,4,1,3,5,0,0,11,13,10,pass
1,0,1,0,0,0,1,1,1,1,1,1,0,0,0,1,0,0,0,1,0,0,0,0,0,0,1,1,0,0,16,3,3,2,2,4,4,5,1,1,4,4,0,11,10,9,fail
1,1,1,0,0,0,0,1,1,1,1,1,0,0,0,0,0,1,0,1,0,0,0,1,0,0,0,1,0,0,17,4,3,2,2,4,4,4,4,4,4,4,0,9,10,9,fail
1,0,1,1,0,0,0,1,1,0,1,1,0,0,0,0,1,0,0,1,0,0,0,0,0,0,1,1,0,0,16,2,2,2,2,3,4,4,1,4,5,2,0,13,13,11,pass
1,1,1,1,0,0,0,0,1,0,1,1,0,0,0,1,0,0,0,1,0,0,0,0,0,0,1,0,1,0,17,3,3,1,2,4,3,4,1,4,4,4,0,5,6,6,fail
1,1,0,1,0,0,1,0,1,1,1,1,1,0,0,0,0,1,0,0,1,0,0,0,1,0,0,1,0,0,16,4,2,1,1,4,3,3,3,4,3,10,0,8,10,9,fail
1,1,1,1,0,0,1,0,1,1,1,1,1,0,0,1,0,0,0,1,0,0,0,1,0,0,0,1,0,0,17,4,3,1,2,5,2,3,1,1,2,4,0,10,10,11,pass
1,1,1,1,0,0,1,1,1,1,1,1,0,0,0,0,0,1,0,1,0,0,0,0,0,1,0,1,0,0,16,4,3,1,2,3,4,3,2,3,3,10,0,8,9,8,fail
1,1,1,1,0,0,0,1,1,1,1,1,1,0,0,0,1,0,0,1,0,0,0,0,0,1,0,1,0,0,16,3,3,1,2,4,2,3,1,2,3,2,0,13,12,12,pass
1,0,1,1,0,0,1,0,1,1,1,0,0,0,0,0,1,0,0,0,1,0,0,0,0,0,1,0,1,0,17,2,4,1,2,5,4,2,2,3,5,0,0,17,16,17,pass
1,0,1,0,0,0,1,0,1,1,1,1,1,0,0,1,0,0,0,1,0,0,0,0,0,0,1,1,0,0,17,3,3,1,2,5,3,3,2,3,1,56,0,9,9,8,fail
1,0,1,1,0,0,1,1,0,1,1,1,0,0,0,1,0,0,0,1,0,0,0,0,0,0,1,1,0,0,16,3,2,1,2,1,2,2,1,2,1,14,0,13,12,12,pass
1,1,1,1,0,0,1,0,1,1,1,1,1,0,0,0,1,0,0,0,1,0,0,0,1,0,0,1,0,0,17,3,3,1,2,4,3,4,2,3,4,12,0,12,12,11,pass
1,1,1,1,0,0,1,1,1,1,1,1,1,0,0,0,1,0,0,0,1,0,0,0,1,0,0,1,0,0,16,1,2,1,1,3,3,3,1,2,3,2,0,12,11,11,pass
1,1,1,0,0,0,0,1,1,1,1,1,1,0,0,1,0,0,0,1,0,0,0,1,0,0,0,1,0,0,16,2,1,1,2,4,2,3,1,2,5,0,0,15,15,15,pass
1,0,1,1,1,0,1,0,0,0,1,1,1,0,1,0,0,0,0,1,0,0,0,0,0,0,1,1,0,0,17,3,3,1,2,3,3,3,1,3,3,6,0,7,8,9,fail
1,1,0,1,0,0,0,0,0,1,1,0,0,1,0,0,0,0,0,1,0,0,0,0,0,1,0,1,0,0,17,1,2,1,2,3,1,3,1,5,3,4,0,9,8,10,pass
1,0,1,1,0,0,0,0,0,1,1,1,0,0,0,0,1,0,0,0,1,0,0,1,0,0,0,1,0,0,16,2,3,1,2,4,3,3,1,1,2,10,0,12,11,13,pass
1,0,1,1,0,0,0,0,1,1,1,1,0,1,0,0,0,0,0,0,1,0,0,1,0,0,0,1,0,0,17,1,1,1,2,5,3,3,1,1,3,0,0,8,8,9,fail
1,1,1,1,0,0,0,1,1,0,1,1,0,1,0,0,0,0,0,0,1,0,0,0,1,0,0,0,0,1,17,1,2,2,2,4,4,4,4,5,5,12,0,8,7,8,fail
1,1,0,1,0,0,1,0,1,1,1,1,0,0,0,0,1,0,0,0,1,0,0,0,0,0,1,1,0,0,16,3,3,1,1,4,3,2,3,4,5,8,0,9,8,10,pass
1,1,1,1,0,0,0,0,0,1,1,1,0,0,0,1,0,0,0,1,0,0,0,0,0,1,0,0,1,0,16,2,3,2,1,5,3,3,1,1,3,0,0,14,13,14,pass
1,0,1,0,0,0,0,0,1,1,1,1,1,0,0,0,1,0,0,0,1,0,0,1,0,0,0,0,1,0,17,2,4,1,2,4,3,2,1,1,5,0,0,15,14,15,pass
1,1,1,1,0,0,0,0,0,1,1,1,0,0,0,0,1,0,1,0,0,0,0,0,0,1,0,1,0,0,17,4,4,1,1,5,2,3,1,2,5,4,0,15,17,16,pass
1,1,0,0,0,0,1,1,1,1,1,1,0,0,0,0,0,1,0,1,0,0,0,0,0,1,0,0,1,0,16,3,3,3,1,3,3,4,3,5,3,8,0,9,9,10,pass
1,0,1,1,0,0,1,0,0,1,1,1,0,0,0,0,1,0,1,0,0,0,0,0,0,1,0,1,0,0,17,4,4,2,1,4,2,4,2,3,2,24,1,18,18,18,pass
1,0,1,0,0,0,1,1,0,1,1,1,0,0,0,0,0,1,1,0,0,0,0,0,0,0,1,1,0,0,16,4,4,1,2,4,5,2,1,2,3,0,0,9,9,10,pass
1,0,1,1,0,0,1,0,1,1,1,1,0,0,1,0,0,0,0,1,0,0,0,0,0,1,0,1,0,0,16,4,3,1,2,4,3,5,1,5,2,2,0,16,16,16,pass
1,0,1,1,0,1,1,1,1,1,1,0,0,0,0,1,0,0,0,1,0,0,0,0,0,0,1,1,0,0,16,2,3,1,2,4,4,3,1,3,4,6,0,10,8,10,pass
1,0,1,1,0,0,1,1,0,0,1,0,0,0,0,1,0,0,0,1,0,0,0,1,0,0,0,1,0,0,17,1,1,1,2,4,4,4,1,3,1,4,0,9,9,10,pass
1,0,0,1,0,0,1,0,0,1,1,1,0,0,0,1,0,0,0,1,0,0,0,0,0,0,1,1,0,0,17,2,2,1,1,5,3,2,1,2,3,18,0,6,7,6,fail
1,0,0,1,0,0,1,1,1,0,1,1,0,0,0,0,1,0,0,0,1,0,0,0,0,0,1,1,0,0,16,2,2,2,4,5,3,5,1,1,5,6,0,10,10,11,pass
1,0,1,1,0,0,1,1,0,1,1,1,1,1,0,0,0,0,0,0,1,0,0,0,0,1,0,1,0,0,17,3,4,1,3,4,4,3,3,4,5,28,1,9,10,9,fail
1,0,1,1,1,0,1,1,0,1,1,1,0,0,0,0,1,0,0,1,0,0,0,1,0,0,0,1,0,0,16,3,1,1,2,2,3,3,2,2,4,5,3,7,7,7,fail
1,0,1,1,0,0,0,1,1,1,1,1,1,0,0,0,0,1,0,1,0,0,0,0,1,0,0,1,0,0,16,4,3,1,2,1,3,2,1,1,1,10,0,12,11,13,pass
1,0,1,1,0,0,1,1,0,1,1,0,0,1,0,0,0,0,0,1,0,0,0,0,0,1,0,1,0,0,16,1,1,2,1,4,3,2,1,4,5,6,0,9,9,10,pass
1,0,0,1,0,0,1,1,1,1,1,1,1,0,0,0,0,1,0,1,0,0,0,0,0,0,1,1,0,0,17,4,3,2,3,4,4,2,1,1,4,6,0,7,7,7,fail
1,0,1,1,0,0,1,1,1,1,1,1,0,0,0,1,0,0,0,1,0,0,0,0,0,0,1,0,0,1,19,3,3,1,4,4,3,3,1,2,3,10,0,8,8,8,fail
1,1,1,0,0,0,1,1,0,1,1,1,1,0,0,0,1,0,0,1,0,0,0,0,0,1,0,1,0,0,17,4,4,1,2,5,3,5,4,5,3,13,0,12,12,13,pass
1,0,1,1,1,1,1,1,0,1,1,1,0,0,0,1,0,0,0,1,0,0,0,0,0,0,1,1,0,0,16,2,2,1,2,3,3,4,1,1,4,0,0,13,12,14,pass
1,1,1,1,0,0,1,1,1,1,1,1,0,0,0,0,1,0,0,1,0,0,0,0,0,1,0,1,0,0,18,2,2,1,2,4,4,4,2,4,5,15,1,7,6,8,fail
1,0,0,0,0,0,1,1,0,1,1,0,0,0,0,0,1,0,0,1,0,0,0,0,1,0,0,1,0,0,17,4,4,1,1,5,2,1,1,2,3,12,0,10,8,10,pass
1,0,1,0,0,0,0,1,0,1,1,1,0,0,0,1,0,0,0,1,0,0,0,0,0,0,1,1,0,0,17,3,2,2,2,4,4,4,1,3,1,2,0,15,14,15,pass
1,0,1,1,0,0,0,1,0,1,1,1,1,0,0,1,0,0,0,1,0,0,0,0,0,0,1,1,0,0,17,4,3,1,2,3,4,5,2,4,1,22,2,6,6,4,fail
1,1,1,0,0,0,1,1,0,1,1,1,0,0,0,0,1,0,0,0,0,1,0,0,0,1,0,0,1,0,18,3,3,1,2,3,2,4,2,4,4,13,1,6,6,8,fail
1,0,1,1,0,0,1,1,0,1,1,0,0,1,0,0,0,0,0,1,0,0,0,0,0,1,0,0,1,0,17,2,3,2,1,3,3,3,1,4,3,3,0,7,7,8,fail
1,0,1,1,0,0,1,1,1,1,1,1,0,1,0,0,0,0,0,0,0,0,1,1,0,0,0,1,0,0,17,2,2,1,3,4,3,3,1,1,4,4,0,10,9,10,pass
1,0,0,1,0,0,1,0,1,1,1,1,0,1,0,0,0,0,0,0,1,0,0,0,0,0,1,1,0,0,17,2,1,2,2,4,2,5,1,2,5,2,0,6,6,6,fail
1,0,1,1,0,1,0,0,0,1,1,1,0,0,0,0,1,0,1,0,0,0,0,0,1,0,0,1,0,0,16,2,3,1,2,2,3,1,1,1,3,2,0,16,16,17,pass
1,1,1,1,0,0,1,1,0,1,1,1,0,0,0,1,0,0,0,1,0,0,0,0,0,1,0,1,0,0,18,2,2,2,2,3,3,3,5,5,4,0,0,13,12,13,pass
1,0,1,1,0,0,1,0,1,0,1,1,0,0,0,0,0,1,0,0,1,0,0,0,0,1,0,1,0,0,16,4,4,1,3,5,3,2,1,1,5,0,0,13,13,14,pass
1,0,0,1,0,0,0,0,1,1,1,1,1,0,0,1,0,0,0,1,0,0,0,0,0,0,1,1,0,0,18,3,1,1,2,5,3,3,1,1,4,16,1,8,9,7,fail
1,0,1,1,0,0,0,0,1,0,1,1,0,0,0,1,0,0,0,1,0,0,0,1,0,0,0,1,0,0,17,3,2,1,2,5,3,4,1,3,3,10,0,15,16,15,pass
1,1,1,0,0,0,1,1,0,0,1,1,0,0,0,0,1,0,0,0,1,0,0,0,0,0,1,0,1,0,17,2,3,1,2,5,3,3,1,3,3,2,0,11,12,12,pass
1,1,1,0,0,1,1,1,1,1,1,1,1,1,0,0,0,0,0,1,0,0,0,1,0,0,0,1,0,0,18,2,1,4,2,4,3,2,4,5,3,14,0,8,10,9,fail
1,0,1,1,1,0,0,0,1,1,1,1,1,0,0,1,0,0,0,1,0,0,0,1,0,0,0,1,0,0,17,2,1,2,3,3,2,3,1,2,3,10,0,10,12,12,pass
1,0,1,0,0,0,0,0,1,1,1,1,1,0,1,0,0,0,0,1,0,0,0,0,0,0,1,0,1,0,17,4,3,1,2,3,2,3,1,2,3,14,0,13,13,14,pass
1,1,0,1,0,0,1,1,1,1,1,1,0,0,0,1,0,0,0,1,0,0,0,1,0,0,0,0,1,0,17,2,2,2,2,4,5,2,1,1,1,4,0,11,11,11,pass
1,1,1,1,0,1,1,0,1,1,1,1,1,0,0,0,0,1,1,0,0,0,0,0,0,0,1,1,0,0,17,4,4,1,2,4,5,5,1,3,2,14,0,9,11,9,fail
1,1,1,1,0,0,1,1,1,1,1,1,0,0,1,0,0,0,0,1,0,0,0,0,0,0,1,0,1,0,16,4,4,1,2,4,2,4,2,4,1,2,0,13,14,13,pass
1,1,1,0,0,0,1,1,0,1,1,1,0,0,0,1,0,0,0,1,0,0,0,0,0,1,0,1,0,0,16,1,1,2,2,3,4,2,1,1,5,18,0,7,9,6,fail
1,1,1,1,0,0,0,0,1,1,1,1,1,1,0,0,0,0,0,1,0,0,0,0,0,0,1,1,0,0,16,3,2,2,3,5,3,3,1,3,2,10,0,9,11,10,pass
1,1,1,0,0,0,0,1,1,0,1,1,1,0,0,1,0,0,0,1,0,0,0,0,0,1,0,0,1,0,17,2,2,1,2,4,4,2,5,5,4,4,0,13,14,13,pass
1,0,1,1,0,0,0,0,0,1,1,1,1,0,0,1,0,0,0,1,0,0,0,0,0,1,0,1,0,0,16,2,1,1,1,4,5,2,1,1,5,20,0,12,13,12,pass
1,0,0,1,0,0,0,0,1,1,1,0,0,1,0,0,0,0,0,0,1,0,0,1,0,0,0,1,0,0,17,2,1,3,2,2,1,1,1,1,3,2,0,11,13,11,pass
1,1,1,0,0,0,0,0,1,1,1,1,1,0,1,0,0,0,0,1,0,0,0,1,0,0,0,1,0,0,17,4,3,2,2,2,5,5,1,4,5,14,0,12,12,12,pass
1,1,0,0,1,0,1,1,0,1,1,1,0,0,0,0,0,1,0,1,0,0,0,1,0,0,0,1,0,0,17,4,4,2,2,3,3,3,2,3,4,2,0,11,10,12,pass
1,1,1,1,0,0,0,0,1,1,1,1,0,0,0,0,1,0,0,0,1,0,0,1,0,0,0,1,0,0,16,4,4,1,1,5,3,2,1,2,5,0,0,12,13,12,pass
1,1,1,1,0,0,0,0,0,1,1,1,0,0,0,1,0,0,0,1,0,0,0,1,0,0,0,1,0,0,16,2,1,3,1,4,3,3,1,1,4,6,0,18,18,18,pass
1,1,1,1,0,0,0,0,0,1,1,1,0,0,0,1,0,0,0,1,0,0,0,1,0,0,0,0,1,0,17,2,3,2,1,5,2,2,1,1,2,4,0,12,12,13,pass
1,1,1,1,0,0,0,0,0,0,0,1,1,0,0,0,1,0,0,0,1,0,0,0,1,0,0,1,0,0,22,3,1,1,1,5,4,5,5,5,1,16,3,8,6,8,fail
1,1,0,0,0,0,1,0,0,1,1,1,1,0,0,1,0,0,0,0,1,0,0,1,0,0,0,1,0,0,18,3,3,1,2,4,3,3,1,3,5,8,1,5,3,5,fail
1,1,1,1,0,0,0,1,0,0,1,1,0,0,0,1,0,0,0,1,0,0,0,0,1,0,0,1,0,0,16,0,2,1,1,4,3,2,2,4,5,0,0,15,13,15,pass
1,1,1,1,0,0,0,0,0,1,0,1,0,0,0,0,1,0,0,1,0,0,0,1,0,0,0,1,0,0,18,3,2,2,1,4,4,5,2,4,5,0,1,8,6,8,fail
1,1,1,1,0,1,1,0,0,0,1,1,0,1,0,0,0,0,0,1,0,0,0,0,0,0,1,0,0,1,16,3,3,3,2,5,3,3,1,3,2,6,0,10,7,10,pass
1,1,1,1,0,0,0,0,0,0,0,1,0,0,0,0,1,0,0,0,1,0,0,0,1,0,0,1,0,0,18,2,1,1,1,3,2,5,2,5,5,4,1,9,6,8,fail
1,1,0,1,0,0,0,0,1,0,1,0,0,0,0,1,0,0,0,1,0,0,0,1,0,0,0,1,0,0,16,2,1,2,1,3,3,2,1,3,3,0,0,9,8,8,fail
1,1,0,1,0,0,0,0,0,0,1,1,0,0,0,1,0,0,0,1,0,0,0,1,0,0,0,1,0,0,17,2,1,1,1,4,4,2,2,4,5,0,0,12,8,12,pass
1,1,1,0,0,0,1,0,1,1,1,1,0,0,1,0,0,0,0,1,0,0,0,1,0,0,0,1,0,0,17,1,1,2,1,4,4,4,1,2,5,2,1,9,7,8,fail
1,0,1,0,0,0,1,1,1,1,1,1,0,0,0,0,0,1,0,0,1,0,0,0,0,0,1,1,0,0,17,4,2,1,4,4,2,3,1,1,4,6,0,12,14,13,pass
1,1,1,0,1,0,1,0,0,1,1,1,0,0,0,0,1,0,0,0,0,0,1,0,0,0,1,1,0,0,19,4,3,1,2,4,3,1,1,1,1,12,0,11,11,11,pass
1,1,1,1,0,0,0,0,1,1,1,1,0,0,0,1,0,0,0,1,0,0,0,0,0,1,0,1,0,0,18,2,1,1,2,5,2,4,1,2,4,8,0,14,15,14,pass
1,0,1,1,0,0,1,1,0,1,1,1,1,0,0,0,1,0,0,1,0,0,0,0,0,1,0,0,1,0,18,4,3,1,2,3,1,2,1,3,2,21,0,18,17,18,pass
1,1,1,1,0,0,1,1,0,0,1,1,0,0,0,0,0,1,0,1,0,0,0,1,0,0,0,1,0,0,18,4,3,1,2,4,3,2,1,1,3,2,0,8,8,8,fail
1,1,0,1,0,0,0,0,1,0,1,0,0,0,0,1,0,0,0,1,0,0,0,1,0,0,0,1,0,0,18,3,2,1,3,5,3,2,1,1,3,1,0,12,13,12,pass
1,0,1,1,0,0,0,0,1,0,1,0,0,0,0,1,0,0,0,1,0,0,0,0,0,1,0,1,0,0,17,3,3,1,3,3,2,3,1,1,4,4,0,9,10,9,fail
1,1,0,0,1,0,1,1,1,1,1,1,0,0,0,1,0,0,0,1,0,0,0,0,0,0,1,1,0,0,18,3,4,2,2,4,2,5,3,4,1,13,0,17,17,17,pass
1,1,1,1,0,0,0,1,1,1,1,1,1,0,0,0,1,0,0,1,0,0,0,0,1,0,0,1,0,0,17,3,1,1,2,5,4,4,3,4,5,2,0,9,9,10,pass
1,0,0,1,0,0,0,1,1,1,1,1,0,0,0,0,0,1,0,1,0,0,0,0,0,0,1,1,0,0,18,4,4,2,2,4,3,4,2,2,4,8,0,10,12,11,pass
1,1,1,1,0,0,1,1,1,1,1,1,1,0,1,0,0,0,0,1,0,0,0,0,0,0,1,0,1,0,18,4,2,1,2,5,4,5,1,3,5,10,0,9,10,10,pass
1,0,1,1,0,0,1,1,1,1,1,1,0,0,0,1,0,0,0,0,1,0,0,0,0,1,0,0,0,1,19,3,3,1,2,4,3,5,3,3,5,15,2,9,9,9,fail
1,0,1,1,0,0,1,1,1,1,1,1,1,0,0,1,0,0,0,0,1,0,0,0,0,0,1,0,1,0,18,2,3,1,4,4,5,5,1,3,2,4,0,14,15,14,pass
1,0,1,0,0,0,1,1,0,0,1,0,0,0,0,1,0,0,0,1,0,0,0,0,0,1,0,1,0,0,18,1,1,2,2,4,4,3,1,1,3,2,0,11,11,11,pass
1,1,0,1,0,0,1,1,1,0,1,0,1,1,0,0,0,0,0,0,0,0,1,0,0,1,0,1,0,0,17,1,2,1,2,3,5,2,2,2,1,2,0,14,15,14,pass
1,0,1,1,0,0,1,1,0,1,1,1,1,1,0,0,0,0,0,0,0,1,0,0,0,0,1,1,0,0,17,2,4,2,2,4,3,3,1,1,1,2,0,10,10,10,pass
1,0,1,0,0,1,1,1,0,1,1,1,1,0,0,0,1,0,0,1,0,0,0,1,0,0,0,1,0,0,17,2,2,2,2,4,4,4,2,3,5,6,0,12,12,12,pass
1,0,0,1,1,0,0,0,0,0,0,1,1,0,0,1,0,0,0,0,1,0,0,0,0,1,0,1,0,0,18,3,2,2,2,4,1,1,1,1,5,75,0,9,10,9,fail
1,1,1,1,0,0,0,1,1,1,1,1,0,0,0,0,0,1,0,0,1,0,0,0,0,1,0,1,0,0,18,4,4,2,1,3,2,4,1,4,3,22,0,9,9,9,fail
1,0,1,1,0,1,1,0,1,1,1,1,1,0,1,0,0,0,0,0,0,1,0,0,0,0,1,0,1,0,18,4,4,1,2,2,4,4,1,1,4,15,1,8,9,8,fail
1,1,1,0,0,0,0,1,1,1,1,1,0,0,0,0,0,1,0,0,1,0,0,1,0,0,0,1,0,0,18,4,3,2,1,4,2,3,1,2,1,8,0,11,10,10,pass
1,1,1,0,1,0,0,1,1,1,1,1,1,0,0,0,1,0,0,1,0,0,0,0,0,1,0,1,0,0,17,4,1,2,1,4,5,4,2,4,5,30,0,8,8,8,fail
1,1,1,0,1,0,0,0,0,1,1,1,0,0,0,0,0,1,0,0,1,0,0,0,0,1,0,1,0,0,17,3,2,1,1,4,4,4,3,4,3,19,1,9,11,10,pass
1,0,0,0,0,0,1,1,1,1,1,0,0,1,0,0,0,0,0,1,0,0,0,0,0,0,1,1,0,0,18,1,1,2,4,5,2,2,1,1,3,1,0,12,12,12,pass
1,0,1,1,0,1,0,0,1,1,1,1,0,0,0,1,0,0,0,1,0,0,0,0,0,1,0,1,0,0,18,1,1,2,2,5,4,4,1,1,4,4,0,9,8,10,pass
1,0,1,1,0,0,1,0,0,0,1,1,0,0,0,1,0,0,0,1,0,0,0,1,0,0,0,1,0,0,17,2,2,1,2,5,4,5,1,2,5,4,0,9,10,11,pass
1,1,1,1,0,0,0,1,0,0,1,1,0,0,0,1,0,0,0,1,0,0,0,0,0,0,1,0,1,0,17,1,1,1,2,4,3,3,1,2,4,2,0,10,12,11,pass
1,0,1,1,0,0,1,1,0,1,1,1,0,1,0,0,0,0,0,0,0,0,1,0,1,0,0,1,0,0,18,2,2,1,3,4,3,3,1,2,2,5,0,18,18,19,pass
1,0,1,1,0,0,1,1,0,1,1,1,0,0,0,0,1,0,1,0,0,0,0,0,0,0,1,1,0,0,17,1,1,1,3,4,3,3,1,1,3,6,0,12,13,12,pass
1,1,1,1,0,0,0,1,1,1,1,1,0,0,0,0,1,0,0,0,1,0,0,0,0,0,1,1,0,0,18,2,1,1,3,4,2,4,1,3,2,6,0,14,15,14,pass
1,1,1,0,1,0,1,1,1,1,1,1,0,0,0,0,0,1,1,0,0,0,0,0,0,0,1,1,0,0,18,4,4,1,2,5,4,3,1,1,2,9,0,13,15,15,pass
1,1,1,1,0,0,1,1,1,1,1,1,1,0,0,0,0,1,0,1,0,0,0,0,0,1,0,1,0,0,18,4,2,1,2,4,3,2,1,4,5,11,0,11,12,11,pass
1,0,1,1,0,0,1,1,0,1,1,1,0,0,1,0,0,0,0,0,1,0,0,0,0,0,1,1,0,0,17,4,3,1,3,4,2,2,1,2,3,0,0,15,15,15,pass
1,0,1,0,0,0,0,0,0,1,1,1,1,0,0,0,1,0,0,0,0,0,1,0,0,0,1,1,0,0,18,2,1,1,2,5,4,3,1,1,5,12,1,12,12,13,pass
1,0,0,0,0,0,1,1,0,1,1,0,0,0,0,0,1,0,0,1,0,0,0,0,0,0,1,1,0,0,17,3,1,2,4,3,1,2,1,1,3,6,0,18,18,18,pass
1,1,0,0,0,0,1,1,1,1,1,1,0,0,0,0,1,0,0,1,0,0,0,0,0,0,1,1,0,0,18,3,2,2,3,5,4,2,1,1,4,8,0,13,14,14,pass
1,1,1,1,0,0,1,1,0,1,1,1,0,0,1,0,0,0,0,1,0,0,0,0,0,1,0,1,0,0,17,3,3,1,1,4,4,3,1,3,5,4,0,12,14,11,pass
1,0,1,0,0,0,1,1,0,1,1,1,1,0,0,1,0,0,0,1,0,0,0,0,0,1,0,0,0,1,18,4,3,2,2,4,4,5,1,2,2,10,0,8,10,8,fail
1,0,1,1,0,0,1,1,0,1,1,1,0,0,0,1,0,0,0,1,0,0,0,0,0,0,1,0,1,0,18,4,3,1,4,4,3,3,1,1,3,0,0,13,14,14,pass
1,1,1,0,0,0,1,1,0,1,1,1,1,0,0,0,0,1,1,0,0,0,0,0,0,1,0,1,0,0,18,4,4,1,1,1,4,2,2,2,1,5,0,15,16,16,pass
1,0,1,0,1,0,1,0,0,1,1,1,1,0,1,0,0,0,0,1,0,0,0,0,0,1,0,1,0,0,18,4,4,1,2,4,2,4,1,1,4,14,0,10,12,11,pass
1,1,1,0,0,0,0,1,0,1,1,1,0,0,0,1,0,0,1,0,0,0,0,0,0,1,0,0,1,0,17,4,4,2,1,4,1,1,2,2,5,0,0,11,11,10,pass
1,0,1,1,0,0,1,1,0,1,1,1,0,0,0,1,0,0,0,1,0,0,0,0,0,0,1,1,0,0,17,4,2,2,3,4,3,3,1,1,3,0,0,12,15,14,pass
1,0,1,1,0,0,1,1,1,0,1,1,0,0,1,0,0,0,0,0,0,1,0,0,0,0,1,0,1,0,17,3,2,1,4,5,2,2,1,2,5,0,0,17,17,18,pass
1,1,1,1,0,0,1,0,1,1,1,1,1,0,0,1,0,0,0,1,0,0,0,0,0,1,0,0,0,1,19,3,3,1,2,4,4,4,1,1,3,20,1,14,15,13,pass
1,0,1,1,0,0,1,1,1,1,1,1,0,0,0,0,1,0,0,0,0,0,1,0,0,0,1,0,0,1,18,2,4,1,2,4,4,3,1,1,3,8,1,12,14,12,pass
1,1,1,1,1,0,0,0,1,1,1,0,0,0,0,0,1,0,0,1,0,0,0,1,0,0,0,0,0,1,20,3,2,1,1,5,5,3,1,1,5,0,0,18,17,18,pass
1,1,1,1,0,0,1,1,0,1,1,1,1,0,0,0,0,1,0,0,1,0,0,0,0,0,1,0,0,1,19,4,4,2,1,4,3,4,1,1,4,38,1,9,8,8,fail
1,1,0,1,0,0,0,0,1,1,1,0,1,0,0,1,0,0,0,0,1,0,0,0,0,0,1,0,1,0,19,3,3,1,2,4,5,3,1,2,5,0,1,12,15,12,pass
1,0,1,0,0,1,1,0,1,0,1,1,0,1,0,0,0,0,0,1,0,0,0,0,0,0,1,0,0,1,19,1,1,1,2,4,4,3,1,3,3,18,1,10,12,10,pass
1,0,1,1,0,0,1,0,0,1,0,1,1,1,0,0,0,0,0,1,0,0,0,0,1,0,0,0,0,1,19,2,1,3,2,3,4,1,1,1,2,20,0,12,14,13,pass
1,1,1,1,0,0,0,0,0,0,1,1,0,0,0,1,0,0,0,0,1,0,0,1,0,0,0,0,0,1,19,1,2,1,2,4,5,2,2,2,4,3,1,11,13,11,pass
1,0,1,0,0,0,1,1,0,0,1,1,1,0,0,0,1,0,0,1,0,0,0,0,0,0,1,0,0,1,19,3,2,2,2,4,2,2,1,2,1,22,1,10,13,11,pass
1,0,1,1,0,0,0,0,0,0,1,1,1,1,0,0,0,0,0,0,0,1,0,0,0,1,0,0,0,1,19,1,1,1,3,4,1,2,1,1,3,14,2,13,15,13,pass
1,0,0,1,0,0,0,0,0,1,1,1,1,0,0,1,0,0,0,1,0,0,0,0,0,0,1,0,0,1,19,2,3,1,3,4,1,2,1,1,3,40,1,11,13,11,pass
1,0,1,1,0,0,1,1,1,1,1,1,1,0,0,1,0,0,0,1,0,0,0,1,0,0,0,1,0,0,18,4,3,1,3,4,3,4,1,1,5,9,0,10,9,9,fail
1,0,0,1,0,0,1,1,1,0,1,1,0,1,0,0,0,0,0,0,1,0,0,1,0,0,0,0,1,0,17,3,4,1,3,4,3,4,2,5,5,0,0,11,11,10,pass
1,0,1,1,0,0,1,1,0,1,1,1,0,0,0,0,0,1,0,1,0,0,0,1,0,0,0,1,0,0,18,4,4,1,2,4,4,4,3,3,5,2,0,11,11,11,pass
1,0,1,1,1,0,1,1,0,1,1,1,1,0,0,0,1,0,0,0,1,0,0,1,0,0,0,1,0,0,17,4,3,1,2,5,2,2,1,2,5,23,0,13,13,13,pass
1,0,1,1,0,0,1,0,0,1,1,0,1,0,0,1,0,0,0,1,0,0,0,1,0,0,0,1,0,0,17,2,2,1,2,4,2,2,1,1,3,12,0,9,11,9,fail
1,0,0,0,0,0,1,1,1,1,1,1,0,0,0,0,1,0,0,0,1,0,0,1,0,0,0,1,0,0,17,2,2,1,3,3,3,2,2,2,3,3,0,11,11,11,pass
1,0,1,1,0,0,1,0,0,0,1,1,0,0,0,0,1,0,0,0,1,0,0,1,0,0,0,0,1,0,17,3,1,1,3,3,4,3,2,3,5,1,0,14,12,15,pass
1,0,1,0,0,0,0,0,0,1,1,1,0,1,0,0,0,0,0,0,0,0,1,0,0,1,0,0,1,0,17,0,2,2,3,3,3,3,2,3,2,0,0,15,16,15,pass
1,1,1,1,0,0,0,0,1,1,1,1,0,0,0,1,0,0,0,1,0,0,0,1,0,0,0,1,0,0,18,4,4,1,3,4,3,3,2,2,3,3,0,12,9,11,pass
1,1,1,1,0,0,0,0,1,0,1,1,0,0,0,1,0,0,0,0,1,0,0,0,0,0,1,1,0,0,17,3,3,1,1,4,3,5,3,5,5,3,0,15,14,16,pass
1,1,0,1,0,0,1,0,0,1,1,1,0,0,0,0,1,0,0,1,0,0,0,1,0,0,0,1,0,0,17,2,2,4,1,4,4,5,5,5,4,8,0,10,11,10,pass
1,0,1,1,0,0,1,1,1,1,1,1,0,0,0,0,0,1,0,0,1,0,0,1,0,0,0,1,0,0,17,4,4,1,3,5,4,4,1,3,4,7,0,9,10,9,fail
1,0,1,1,0,0,1,1,0,0,1,1,1,0,0,0,0,1,1,0,0,0,0,1,0,0,0,1,0,0,17,4,4,2,3,4,3,3,1,2,4,4,0,14,14,14,pass
1,1,1,0,0,0,1,0,1,1,1,1,0,0,0,1,0,0,0,1,0,0,0,1,0,0,0,1,0,0,18,2,2,1,4,4,5,5,2,4,5,2,0,8,9,8,fail
1,0,0,1,0,0,1,0,0,1,1,1,1,1,0,0,0,0,0,1,0,0,0,1,0,0,0,0,1,0,17,2,4,1,3,4,4,3,1,1,5,7,0,14,12,14,pass
1,0,1,1,0,0,0,0,0,1,1,1,0,0,0,0,1,0,0,1,0,0,0,1,0,0,0,1,0,0,17,3,4,1,3,4,4,5,1,3,5,16,0,15,16,15,pass
1,0,0,1,1,0,0,1,0,1,1,0,0,0,0,0,1,0,0,0,0,0,1,0,0,1,0,0,0,1,19,3,1,1,3,5,4,3,1,2,5,12,1,13,14,13,pass
1,0,1,0,0,0,1,0,0,1,1,1,0,0,0,0,1,0,0,0,1,0,0,0,0,1,0,1,0,0,18,3,3,1,4,5,3,3,1,1,1,7,0,15,16,17,pass
1,0,0,1,1,0,1,1,0,1,1,1,0,0,0,1,0,0,0,1,0,0,0,0,0,1,0,1,0,0,17,3,2,1,2,4,3,3,2,3,2,4,0,10,9,10,pass
1,0,1,1,0,0,0,1,1,1,1,1,1,0,0,0,1,0,0,0,1,0,0,0,0,1,0,0,0,1,19,2,1,1,3,4,3,4,1,3,3,4,1,12,11,11,pass
1,1,1,0,0,0,0,0,1,1,1,1,1,0,0,0,1,0,0,1,0,0,0,0,0,1,0,1,0,0,18,3,4,1,2,4,3,3,1,3,5,11,0,15,16,15,pass
1,0,1,1,0,0,1,0,0,1,1,1,0,1,0,0,0,0,0,1,0,0,0,1,0,0,0,1,0,0,18,2,3,1,3,4,3,3,1,2,3,4,0,10,11,10,pass
1,0,1,1,0,0,0,0,0,1,1,1,1,0,0,1,0,0,0,0,1,0,0,0,1,0,0,1,0,0,18,3,2,1,3,5,4,3,2,3,1,7,0,13,13,14,pass
1,1,0,1,0,0,0,0,0,1,1,1,1,0,0,0,0,1,0,0,1,0,0,1,0,0,0,1,0,0,18,4,3,1,3,5,3,2,1,2,4,9,0,15,16,16,pass
1,1,1,1,0,0,1,1,0,1,1,1,1,0,0,0,0,1,0,1,0,0,0,1,0,0,0,1,0,0,18,4,3,1,3,5,4,5,2,3,5,0,0,10,10,9,fail
1,0,1,1,0,0,1,1,1,1,1,1,1,0,1,0,0,0,0,1,0,0,0,0,0,0,1,1,0,0,17,4,3,1,3,4,4,3,1,3,4,0,0,15,13,15,pass
0,1,0,1,0,0,1,0,0,0,1,1,0,0,0,1,0,0,0,1,0,0,0,1,0,0,0,1,0,0,18,3,2,2,1,2,5,5,5,5,5,10,1,13,11,13,pass
0,1,0,1,0,0,0,0,0,1,1,1,0,0,0,1,0,0,0,0,1,0,0,0,0,1,0,0,0,1,19,1,1,3,2,5,4,4,3,3,2,8,3,7,8,8,fail
0,1,1,1,0,0,1,1,0,1,1,1,0,0,1,0,0,0,0,1,0,0,0,1,0,0,0,1,0,0,17,3,3,2,2,4,5,4,2,3,3,2,0,13,13,13,pass
0,1,1,0,0,0,0,0,0,1,0,1,1,1,0,0,0,0,0,0,1,0,0,1,0,0,0,1,0,0,18,1,3,1,1,4,3,3,2,3,3,7,1,7,8,8,fail
0,1,0,1,0,0,1,0,0,1,1,1,0,0,0,1,0,0,0,1,0,0,0,0,0,1,0,0,0,1,19,1,1,3,1,4,4,4,3,3,5,4,1,8,8,8,fail
0,1,0,1,0,0,1,1,1,0,1,1,1,0,0,0,1,0,0,1,0,0,0,0,0,1,0,1,0,0,17,4,3,2,2,4,5,5,1,3,2,4,0,11,13,11,pass
0,0,1,1,0,0,1,0,0,1,1,0,1,0,0,0,1,0,0,0,1,0,0,1,0,0,0,0,1,0,18,3,3,1,2,5,3,4,1,1,5,0,0,9,10,9,fail
0,0,0,1,0,0,1,1,1,1,1,1,0,0,0,0,0,1,0,0,1,0,0,0,1,0,0,0,1,0,17,4,4,2,2,4,3,3,1,2,5,4,0,13,12,13,pass
0,0,1,0,1,0,0,0,0,1,1,0,1,0,0,0,1,0,0,1,0,0,0,0,0,0,1,1,0,0,17,3,2,2,2,1,2,3,1,2,5,2,0,12,12,11,pass
0,1,1,0,0,0,0,0,0,0,1,1,1,0,0,1,0,0,0,0,1,0,0,0,0,1,0,0,1,0,18,1,1,2,1,3,3,2,1,2,3,4,0,10,10,10,pass
0,0,1,0,0,0,0,0,0,1,1,1,0,1,0,0,0,0,0,0,1,0,0,1,0,0,0,0,1,0,18,1,1,2,3,5,3,2,1,1,4,0,0,16,18,16,pass
0,0,0,0,1,0,0,0,0,1,1,0,1,1,0,0,0,0,0,1,0,0,0,1,0,0,0,1,0,0,18,1,4,3,2,4,3,4,1,4,5,0,0,13,13,13,pass
0,1,0,0,0,0,0,0,1,0,0,0,0,1,0,0,0,0,0,1,0,0,0,0,1,0,0,1,0,0,18,1,1,2,2,4,4,3,2,3,5,2,1,12,13,12,pass
0,0,1,1,0,0,1,0,0,1,1,1,1,0,0,0,1,0,0,0,1,0,0,0,1,0,0,1,0,0,18,3,3,2,2,4,3,2,1,3,3,0,0,11,11,10,pass
0,0,1,0,0,0,1,1,1,1,1,1,1,1,0,0,0,0,0,0,0,0,1,1,0,0,0,1,0,0,17,4,4,1,2,2,3,4,1,1,1,0,0,15,16,15,pass
0,0,0,1,0,0,0,0,0,0,1,0,0,0,0,1,0,0,0,0,1,0,0,1,0,0,0,0,1,0,17,1,2,2,2,3,2,2,1,2,3,0,0,11,12,12,pass
0,1,0,1,0,0,1,1,0,1,1,0,0,1,0,0,0,0,0,1,0,0,0,1,0,0,0,1,0,0,18,1,3,2,2,3,3,4,2,4,3,4,0,10,10,10,pass
0,1,1,0,0,0,0,1,0,1,1,1,1,0,0,0,0,1,0,0,1,0,0,0,1,0,0,1,0,0,18,4,4,2,3,4,2,2,2,2,5,0,0,13,13,13,pass
0,0,1,1,0,0,1,1,0,1,1,1,1,1,0,0,0,0,0,0,1,0,0,1,0,0,0,0,1,0,18,2,3,2,1,5,2,3,1,2,4,0,0,10,11,10,pass
0,0,0,1,0,0,1,1,0,0,1,1,1,0,0,1,0,0,1,0,0,0,0,0,1,0,0,0,1,0,18,4,4,3,2,3,2,2,4,2,5,10,0,12,14,11,pass
0,0,1,0,0,0,0,0,1,1,1,0,1,0,0,0,1,0,0,0,1,0,0,0,0,1,0,0,0,1,19,3,2,2,2,3,2,2,1,1,3,4,2,7,7,9,fail
0,1,0,0,0,0,1,1,1,1,0,1,1,1,0,0,0,0,0,0,1,0,0,0,1,0,0,0,1,0,18,1,2,3,1,4,3,3,2,3,3,3,0,12,14,12,pass
0,0,1,1,0,0,0,0,1,1,1,0,1,0,0,1,0,0,0,0,0,0,1,0,0,1,0,1,0,0,17,2,2,1,3,3,4,3,1,1,3,8,0,11,13,11,pass
0,0,0,1,0,0,0,0,1,1,1,1,0,0,0,1,0,0,0,1,0,0,0,1,0,0,0,1,0,0,17,1,2,1,1,3,5,5,1,3,1,14,0,5,6,5,fail
0,0,0,0,0,0,0,0,0,1,1,1,0,0,0,1,0,0,0,1,0,0,0,0,0,0,1,1,0,0,18,4,4,2,3,5,4,4,1,1,1,0,0,18,19,19,pass
0,0,0,1,0,0,0,0,0,1,1,1,0,0,0,1,0,0,0,1,0,0,0,0,0,1,0,1,0,0,18,1,1,4,3,4,3,2,1,2,4,2,0,8,8,10,pass
0,0,1,1,0,0,1,1,0,0,1,1,1,0,1,0,0,0,0,1,0,0,0,1,0,0,0,0,0,1,20,4,2,2,3,5,4,3,1,1,3,4,2,14,15,15,pass
0,0,0,0,0,0,0,1,1,1,1,1,0,0,0,0,0,1,0,0,1,0,0,1,0,0,0,1,0,0,18,4,4,1,2,5,4,3,3,4,2,4,0,9,8,10,pass
0,0,1,1,0,0,0,1,0,1,1,1,1,0,0,1,0,0,0,1,0,0,0,0,0,1,0,1,0,0,18,3,3,1,2,4,1,3,1,2,1,0,0,15,15,15,pass
0,0,0,1,0,0,1,1,1,0,1,1,0,1,0,0,0,0,0,1,0,0,0,0,0,0,1,1,0,0,17,3,1,1,2,4,5,4,2,3,1,17,0,10,10,10,pass
0,1,1,1,0,0,0,1,1,0,1,1,0,0,0,0,0,1,1,0,0,0,0,0,0,1,0,0,1,0,18,4,4,1,2,3,2,4,1,4,2,4,0,14,15,14,pass
0,1,0,1,0,0,0,0,1,0,1,1,1,0,0,1,0,0,0,1,0,0,0,0,1,0,0,1,0,0,18,2,1,2,1,4,4,3,1,3,5,5,0,6,7,7,fail
0,1,1,1,0,0,0,0,1,1,1,1,0,0,0,1,0,0,0,0,1,0,0,0,0,1,0,0,1,0,17,2,3,2,2,4,4,3,1,1,3,2,0,11,11,10,pass
0,1,0,1,0,0,0,1,0,1,1,0,0,0,0,1,0,0,0,1,0,0,0,0,0,1,0,0,1,0,18,4,2,2,1,5,4,3,4,3,3,14,1,5,6,5,fail
0,0,0,1,0,0,0,1,0,1,1,0,0,1,0,0,0,0,0,1,0,0,0,0,1,0,0,1,0,0,18,2,2,2,3,5,3,3,1,3,4,2,0,9,10,10,pass
0,0,0,1,0,0,1,1,1,1,1,1,1,0,0,0,0,1,0,0,0,0,1,0,0,0,1,1,0,0,18,4,4,3,1,4,4,3,2,2,5,7,0,5,6,6,fail
0,0,1,0,0,0,1,1,0,1,1,1,0,0,0,0,0,1,0,0,1,0,0,1,0,0,0,1,0,0,18,3,1,1,2,4,3,4,1,1,1,0,0,9,7,8,fail
0,1,1,0,1,0,1,1,0,1,1,0,0,0,0,0,1,0,0,0,1,0,0,1,0,0,0,0,0,1,20,2,2,1,2,5,5,4,4,5,4,11,2,9,9,9,fail
0,1,1,0,0,0,0,0,0,0,1,1,0,0,0,0,1,0,0,0,1,0,0,1,0,0,0,1,0,0,17,3,1,2,1,2,4,5,3,4,2,3,0,16,14,16,pass
0,1,0,1,0,0,0,0,0,0,1,0,0,0,0,1,0,0,0,1,0,0,0,1,0,0,0,0,0,1,21,1,1,1,1,5,5,3,3,3,3,3,3,8,10,7,fail
0,1,0,0,0,0,0,0,0,0,1,1,0,0,0,0,1,0,0,1,0,0,0,1,0,0,0,1,0,0,18,3,2,3,1,4,4,1,3,4,5,0,0,12,11,10,pass
0,1,1,0,0,0,0,0,0,1,1,1,0,0,0,1,0,0,0,0,0,0,1,1,0,0,0,0,1,0,19,1,1,1,1,3,2,3,3,3,5,5,0,9,8,9,fail
